pathway	overlap_size	pathway_size	p-value	overlap_EmpiricalCompounds (id)	overlap_features (id)	overlap_features (name)
Vitamin B9 (folate) metabolism	4	5	0.0120157969918	E518,E283,E1016,E1050	C00921,C00217/C05938/C00025/C00302,C05520/C01045/C01042,C00504	Dihydropteroate; 7,8-Dihydropteroate$D-Glutamate; D-Glutamic acid; D-Glutaminic acid; D-2-Aminoglutaric acid/L-4-Hydroxyglutamate semialdehyde/L-Glutamate; L-Glutamic acid; L-Glutaminic acid; Glutamate/DL-Glutamate; DL-Glutaminic acid; 2-Aminoglutaric acid; Glutamate$2-Amino-3-oxoadipate; 2-Amino-3-oxohexanedioic acid/N-Formyl-L-glutamate/N-Acetyl-L-aspartate$Folate; Pteroylglutamic acid; Folic acid
Tryptophan metabolism	11	42	0.0421813293001	E669,E769,E59,E1028,E589,E1059,E923,E530,E538,E283,E697	C00643,CE1918/CE5629,C03824,C00051,C02220,C03824,C00795/C00267/C00137/C00221/C00962/C00738/C00095/C00247/C00984/C00031/C00936/C01582/C00159/C02336/C00293/C00124,C00362/C00020,C05648,C00217/C05938/C00025/C00302,C00780	5-Hydroxy-L-tryptophan$5-hydroxytryptophol/1,2-dehydrosalsolinol$2-Aminomuconate semialdehyde; 2-Aminomuconate 6-semialdehyde$Glutathione; 5-L-Glutamyl-L-cysteinylglycine; N-(N-gamma-L-Glutamyl-L-cysteinyl)glycine; gamma-L-Glutamyl-L-cysteinyl-glycine; GSH; Reduced glutathione$2-Aminomuconate; 2-Aminomuconic acid; o-Aminomuconate$2-Aminomuconate semialdehyde; 2-Aminomuconate 6-semialdehyde$D-Tagatose; lyxo-Hexulose/alpha-D-Glucose/myo-Inositol; D-myo-Inositol; 1D-myo-Inositol; L-myo-Inositol; 1L-myo-Inositol; meso-Inositol; Inositol; Dambose; Cyclohexitol; Meat sugar; Bios I/beta-D-Glucose/beta-D-Galactose/D-Hexose/D-Fructose; Levulose; Fruit sugar; D-arabino-Hexulose/L-Sorbose; L-xylo-Hexulose/alpha-D-Galactose/D-Glucose; Grape sugar; Dextrose//Galactose/D-Mannose; Mannose; Seminose; Carubinose/beta-D-Fructose; beta-Fruit sugar; beta-D-arabino-Hexulose; beta-Levulose; Fructose/Glucose/D-Galactose$dGMP; 2'-Deoxyguanosine 5'-monophosphate; 2'-Deoxyguanosine 5'-phosphate; Deoxyguanylic acid; Deoxyguanosine monophosphate/AMP; Adenosine 5'-monophosphate; Adenylic acid; Adenylate; 5'-AMP; 5'-Adenylic acid; 5'-Adenosine monophosphate; Adenosine 5'-phosphate$5-Hydroxy-N-formylkynurenine; 5-Hydroxy-N-formyl-L-kynurenine$D-Glutamate; D-Glutamic acid; D-Glutaminic acid; D-2-Aminoglutaric acid/L-4-Hydroxyglutamate semialdehyde/L-Glutamate; L-Glutamic acid; L-Glutaminic acid; Glutamate/DL-Glutamate; DL-Glutaminic acid; 2-Aminoglutaric acid; Glutamate$3-(2-Aminoethyl)-1H-indol-5-ol; Serotonin; 5-Hydroxytryptamine; Enteramine
Glycosphingolipid metabolism	6	17	0.0495756659104	E570,E306,E271,E218,E204,E923	C00836,C12144,C00128,C00319/C02934,C00645/C00140/C01132,C00795/C00267/C00137/C00221/C00962/C00738/C00095/C00247/C00984/C00031/C00936/C01582/C00159/C02336/C00293/C00124	Sphinganine; Dihydrosphingosine; 2-Amino-1,3-dihydroxyoctadecane$Phytosphingosine; 4-D-Hydroxysphinganine$CMP-N-acetylneuraminate$Sphingosine; Sphingenine; Sphingoid; Sphing-4-enine/3-Dehydrosphinganine; 3-Dehydro-D-sphinganine$N-Acetyl-D-mannosamine; 2-Acetamido-2-deoxy-D-mannose/N-Acetyl-D-glucosamine; N-Acetylchitosamine; 2-Acetamido-2-deoxy-D-glucose; GlcNAc/N-Acetyl-D-galactosamine; N-Acetyl-D-chondrosamine; 2-Acetamido-2-deoxy-D-galactose$D-Tagatose; lyxo-Hexulose/alpha-D-Glucose/myo-Inositol; D-myo-Inositol; 1D-myo-Inositol; L-myo-Inositol; 1L-myo-Inositol; meso-Inositol; Inositol; Dambose; Cyclohexitol; Meat sugar; Bios I/beta-D-Glucose/beta-D-Galactose/D-Hexose/D-Fructose; Levulose; Fruit sugar; D-arabino-Hexulose/L-Sorbose; L-xylo-Hexulose/alpha-D-Galactose/D-Glucose; Grape sugar; Dextrose//Galactose/D-Mannose; Mannose; Seminose; Carubinose/beta-D-Fructose; beta-Fruit sugar; beta-D-arabino-Hexulose; beta-Levulose; Fructose/Glucose/D-Galactose
Methionine and cysteine metabolism	10	38	0.0513402235106	E283,E325,E879,E1028,E93,E337,E916,E530,E182,E301	C00217/C05938/C00025/C00302,,C00491,C00051,,,,C00362/C00020,C00170,C00127	D-Glutamate; D-Glutamic acid; D-Glutaminic acid; D-2-Aminoglutaric acid/L-4-Hydroxyglutamate semialdehyde/L-Glutamate; L-Glutamic acid; L-Glutaminic acid; Glutamate/DL-Glutamate; DL-Glutaminic acid; 2-Aminoglutaric acid; Glutamate$$L-Cystine; L-Dicysteine; L-alpha-Diamino-beta-dithiolactic acid$Glutathione; 5-L-Glutamyl-L-cysteinylglycine; N-(N-gamma-L-Glutamyl-L-cysteinyl)glycine; gamma-L-Glutamyl-L-cysteinyl-glycine; GSH; Reduced glutathione$$$$dGMP; 2'-Deoxyguanosine 5'-monophosphate; 2'-Deoxyguanosine 5'-phosphate; Deoxyguanylic acid; Deoxyguanosine monophosphate/AMP; Adenosine 5'-monophosphate; Adenylic acid; Adenylate; 5'-AMP; 5'-Adenylic acid; 5'-Adenosine monophosphate; Adenosine 5'-phosphate$5'-Methylthioadenosine; Methylthioadenosine; S-Methyl-5'-thioadenosine; 5-Methylthioadenosine; 5'-Deoxy-5'-(methylthio)adenosine; Thiomethyladenosine; MTA$Glutathione disulfide; GSSG; Oxiglutatione; Oxidized glutathione
Ascorbate (Vitamin C) and Aldarate Metabolism	4	9	0.0667170825981	E734,E1028,E607,E301	C00262,C00051,,C00127	Hypoxanthine; Purine-6-ol$Glutathione; 5-L-Glutamyl-L-cysteinylglycine; N-(N-gamma-L-Glutamyl-L-cysteinyl)glycine; gamma-L-Glutamyl-L-cysteinyl-glycine; GSH; Reduced glutathione$$Glutathione disulfide; GSSG; Oxiglutatione; Oxidized glutathione
Glycerophospholipid metabolism	8	30	0.0739433661037	E570,E1013,E761,E726,E593,E1163,E218,E923	C00836,,,C00256,,,C00319/C02934,C00795/C00267/C00137/C00221/C00962/C00738/C00095/C00247/C00984/C00031/C00936/C01582/C00159/C02336/C00293/C00124	Sphinganine; Dihydrosphingosine; 2-Amino-1,3-dihydroxyoctadecane$$$(R)-Lactate; D-Lactate; D-Lactic acid; D-2-Hydroxypropanoic acid; D-2-Hydroxypropionic acid$$$Sphingosine; Sphingenine; Sphingoid; Sphing-4-enine/3-Dehydrosphinganine; 3-Dehydro-D-sphinganine$D-Tagatose; lyxo-Hexulose/alpha-D-Glucose/myo-Inositol; D-myo-Inositol; 1D-myo-Inositol; L-myo-Inositol; 1L-myo-Inositol; meso-Inositol; Inositol; Dambose; Cyclohexitol; Meat sugar; Bios I/beta-D-Glucose/beta-D-Galactose/D-Hexose/D-Fructose; Levulose; Fruit sugar; D-arabino-Hexulose/L-Sorbose; L-xylo-Hexulose/alpha-D-Galactose/D-Glucose; Grape sugar; Dextrose//Galactose/D-Mannose; Mannose; Seminose; Carubinose/beta-D-Fructose; beta-Fruit sugar; beta-D-arabino-Hexulose; beta-Levulose; Fructose/Glucose/D-Galactose
Galactose metabolism	5	15	0.0902445172675	E726,E1154,E204,E923,E970	C00256,C05796/C00718,C00645/C00140/C01132,C00795/C00267/C00137/C00221/C00962/C00738/C00095/C00247/C00984/C00031/C00936/C01582/C00159/C02336/C00293/C00124,C01613/C02052	(R)-Lactate; D-Lactate; D-Lactic acid; D-2-Hydroxypropanoic acid; D-2-Hydroxypropionic acid$Galactan/Amylose; Amylose chain; (1,4-alpha-D-Glucosyl)n; (1,4-alpha-D-Glucosyl)n+1; (1,4-alpha-D-Glucosyl)n-1; 4-{(1,4)-alpha-D-Glucosyl}(n-1)-D-glucose; 1,4-alpha-D-Glucan$N-Acetyl-D-mannosamine; 2-Acetamido-2-deoxy-D-mannose/N-Acetyl-D-glucosamine; N-Acetylchitosamine; 2-Acetamido-2-deoxy-D-glucose; GlcNAc/N-Acetyl-D-galactosamine; N-Acetyl-D-chondrosamine; 2-Acetamido-2-deoxy-D-galactose$D-Tagatose; lyxo-Hexulose/alpha-D-Glucose/myo-Inositol; D-myo-Inositol; 1D-myo-Inositol; L-myo-Inositol; 1L-myo-Inositol; meso-Inositol; Inositol; Dambose; Cyclohexitol; Meat sugar; Bios I/beta-D-Glucose/beta-D-Galactose/D-Hexose/D-Fructose; Levulose; Fruit sugar; D-arabino-Hexulose/L-Sorbose; L-xylo-Hexulose/alpha-D-Galactose/D-Glucose; Grape sugar; Dextrose//Galactose/D-Mannose; Mannose; Seminose; Carubinose/beta-D-Fructose; beta-Fruit sugar; beta-D-arabino-Hexulose; beta-Levulose; Fructose/Glucose/D-Galactose$Stachyose/Maltotetraose
Sialic acid metabolism	5	15	0.0902445172675	E115,E1154,E204,E923,E271	C00074,C05796/C00718,C00645/C00140/C01132,C00795/C00267/C00137/C00221/C00962/C00738/C00095/C00247/C00984/C00031/C00936/C01582/C00159/C02336/C00293/C00124,C00128	Phosphoenolpyruvate; Phosphoenolpyruvic acid; PEP$Galactan/Amylose; Amylose chain; (1,4-alpha-D-Glucosyl)n; (1,4-alpha-D-Glucosyl)n+1; (1,4-alpha-D-Glucosyl)n-1; 4-{(1,4)-alpha-D-Glucosyl}(n-1)-D-glucose; 1,4-alpha-D-Glucan$N-Acetyl-D-mannosamine; 2-Acetamido-2-deoxy-D-mannose/N-Acetyl-D-glucosamine; N-Acetylchitosamine; 2-Acetamido-2-deoxy-D-glucose; GlcNAc/N-Acetyl-D-galactosamine; N-Acetyl-D-chondrosamine; 2-Acetamido-2-deoxy-D-galactose$D-Tagatose; lyxo-Hexulose/alpha-D-Glucose/myo-Inositol; D-myo-Inositol; 1D-myo-Inositol; L-myo-Inositol; 1L-myo-Inositol; meso-Inositol; Inositol; Dambose; Cyclohexitol; Meat sugar; Bios I/beta-D-Glucose/beta-D-Galactose/D-Hexose/D-Fructose; Levulose; Fruit sugar; D-arabino-Hexulose/L-Sorbose; L-xylo-Hexulose/alpha-D-Galactose/D-Glucose; Grape sugar; Dextrose//Galactose/D-Mannose; Mannose; Seminose; Carubinose/beta-D-Fructose; beta-Fruit sugar; beta-D-arabino-Hexulose; beta-Levulose; Fructose/Glucose/D-Galactose$CMP-N-acetylneuraminate
Alanine and Aspartate Metabolism	5	15	0.0902445172675	E286,E283,E1016,E324,E530	C00327,C00217/C05938/C00025/C00302,C05520/C01045/C01042,C00062,C00362/C00020	L-Citrulline; 2-Amino-5-ureidovaleric acid; Citrulline$D-Glutamate; D-Glutamic acid; D-Glutaminic acid; D-2-Aminoglutaric acid/L-4-Hydroxyglutamate semialdehyde/L-Glutamate; L-Glutamic acid; L-Glutaminic acid; Glutamate/DL-Glutamate; DL-Glutaminic acid; 2-Aminoglutaric acid; Glutamate$2-Amino-3-oxoadipate; 2-Amino-3-oxohexanedioic acid/N-Formyl-L-glutamate/N-Acetyl-L-aspartate$L-Arginine; (S)-2-Amino-5-guanidinovaleric acid$dGMP; 2'-Deoxyguanosine 5'-monophosphate; 2'-Deoxyguanosine 5'-phosphate; Deoxyguanylic acid; Deoxyguanosine monophosphate/AMP; Adenosine 5'-monophosphate; Adenylic acid; Adenylate; 5'-AMP; 5'-Adenylic acid; 5'-Adenosine monophosphate; Adenosine 5'-phosphate
Carnitine shuttle	4	10	0.0909167296866	E597,E520,E374,E1001	,,,	$$$
Purine metabolism	8	33	0.118057306109	E283,E1139,E734,E631,E115,E530,E1152,E227	C00217/C05938/C00025/C00302,C00147,C00262,C00294,C00074,C00362/C00020,C00360,C00147	D-Glutamate; D-Glutamic acid; D-Glutaminic acid; D-2-Aminoglutaric acid/L-4-Hydroxyglutamate semialdehyde/L-Glutamate; L-Glutamic acid; L-Glutaminic acid; Glutamate/DL-Glutamate; DL-Glutaminic acid; 2-Aminoglutaric acid; Glutamate$Adenine; 6-Aminopurine$Hypoxanthine; Purine-6-ol$Inosine$Phosphoenolpyruvate; Phosphoenolpyruvic acid; PEP$dGMP; 2'-Deoxyguanosine 5'-monophosphate; 2'-Deoxyguanosine 5'-phosphate; Deoxyguanylic acid; Deoxyguanosine monophosphate/AMP; Adenosine 5'-monophosphate; Adenylic acid; Adenylate; 5'-AMP; 5'-Adenylic acid; 5'-Adenosine monophosphate; Adenosine 5'-phosphate$dAMP; 2'-Deoxyadenosine 5'-phosphate; 2'-Deoxyadenosine 5'-monophosphate; Deoxyadenylic acid; Deoxyadenosine monophosphate$Adenine; 6-Aminopurine
Drug metabolism - cytochrome P450	4	11	0.120410049576	E1156,E639,E826,E1011	,,,	$$$
Glycosphingolipid biosynthesis - globoseries	3	6	0.122846819595	E204,E923,E271	C00645/C00140/C01132,C00795/C00267/C00137/C00221/C00962/C00738/C00095/C00247/C00984/C00031/C00936/C01582/C00159/C02336/C00293/C00124,C00128	N-Acetyl-D-mannosamine; 2-Acetamido-2-deoxy-D-mannose/N-Acetyl-D-glucosamine; N-Acetylchitosamine; 2-Acetamido-2-deoxy-D-glucose; GlcNAc/N-Acetyl-D-galactosamine; N-Acetyl-D-chondrosamine; 2-Acetamido-2-deoxy-D-galactose$D-Tagatose; lyxo-Hexulose/alpha-D-Glucose/myo-Inositol; D-myo-Inositol; 1D-myo-Inositol; L-myo-Inositol; 1L-myo-Inositol; meso-Inositol; Inositol; Dambose; Cyclohexitol; Meat sugar; Bios I/beta-D-Glucose/beta-D-Galactose/D-Hexose/D-Fructose; Levulose; Fruit sugar; D-arabino-Hexulose/L-Sorbose; L-xylo-Hexulose/alpha-D-Galactose/D-Glucose; Grape sugar; Dextrose//Galactose/D-Mannose; Mannose; Seminose; Carubinose/beta-D-Fructose; beta-Fruit sugar; beta-D-arabino-Hexulose; beta-Levulose; Fructose/Glucose/D-Galactose$CMP-N-acetylneuraminate
Arginine and Proline Metabolism	7	29	0.145618015293	E286,E283,E1139,E910,E324,E182,E227	C00327,C00217/C05938/C00025/C00302,C00147,,C00062,C00170,C00147	L-Citrulline; 2-Amino-5-ureidovaleric acid; Citrulline$D-Glutamate; D-Glutamic acid; D-Glutaminic acid; D-2-Aminoglutaric acid/L-4-Hydroxyglutamate semialdehyde/L-Glutamate; L-Glutamic acid; L-Glutaminic acid; Glutamate/DL-Glutamate; DL-Glutaminic acid; 2-Aminoglutaric acid; Glutamate$Adenine; 6-Aminopurine$$L-Arginine; (S)-2-Amino-5-guanidinovaleric acid$5'-Methylthioadenosine; Methylthioadenosine; S-Methyl-5'-thioadenosine; 5-Methylthioadenosine; 5'-Deoxy-5'-(methylthio)adenosine; Thiomethyladenosine; MTA$Adenine; 6-Aminopurine
Aminosugars metabolism	5	18	0.156457440551	E115,E204,E283,E1104,E271	C00074,C00645/C00140/C01132,C00217/C05938/C00025/C00302,C00352/C06377,C00128	Phosphoenolpyruvate; Phosphoenolpyruvic acid; PEP$N-Acetyl-D-mannosamine; 2-Acetamido-2-deoxy-D-mannose/N-Acetyl-D-glucosamine; N-Acetylchitosamine; 2-Acetamido-2-deoxy-D-glucose; GlcNAc/N-Acetyl-D-galactosamine; N-Acetyl-D-chondrosamine; 2-Acetamido-2-deoxy-D-galactose$D-Glutamate; D-Glutamic acid; D-Glutaminic acid; D-2-Aminoglutaric acid/L-4-Hydroxyglutamate semialdehyde/L-Glutamate; L-Glutamic acid; L-Glutaminic acid; Glutamate/DL-Glutamate; DL-Glutaminic acid; 2-Aminoglutaric acid; Glutamate$D-Glucosamine 6-phosphate; D-Glucosamine phosphate/D-Galactosamine 6-phosphate$CMP-N-acetylneuraminate
Glycosphingolipid biosynthesis - ganglioseries	3	7	0.160490715066	E204,E923,E271	C00645/C00140/C01132,C00795/C00267/C00137/C00221/C00962/C00738/C00095/C00247/C00984/C00031/C00936/C01582/C00159/C02336/C00293/C00124,C00128	N-Acetyl-D-mannosamine; 2-Acetamido-2-deoxy-D-mannose/N-Acetyl-D-glucosamine; N-Acetylchitosamine; 2-Acetamido-2-deoxy-D-glucose; GlcNAc/N-Acetyl-D-galactosamine; N-Acetyl-D-chondrosamine; 2-Acetamido-2-deoxy-D-galactose$D-Tagatose; lyxo-Hexulose/alpha-D-Glucose/myo-Inositol; D-myo-Inositol; 1D-myo-Inositol; L-myo-Inositol; 1L-myo-Inositol; meso-Inositol; Inositol; Dambose; Cyclohexitol; Meat sugar; Bios I/beta-D-Glucose/beta-D-Galactose/D-Hexose/D-Fructose; Levulose; Fruit sugar; D-arabino-Hexulose/L-Sorbose; L-xylo-Hexulose/alpha-D-Galactose/D-Glucose; Grape sugar; Dextrose//Galactose/D-Mannose; Mannose; Seminose; Carubinose/beta-D-Fructose; beta-Fruit sugar; beta-D-arabino-Hexulose; beta-Levulose; Fructose/Glucose/D-Galactose$CMP-N-acetylneuraminate
Propanoate metabolism	3	7	0.160490715066	E726,E607,E530	C00256,,C00362/C00020	(R)-Lactate; D-Lactate; D-Lactic acid; D-2-Hydroxypropanoic acid; D-2-Hydroxypropionic acid$$dGMP; 2'-Deoxyguanosine 5'-monophosphate; 2'-Deoxyguanosine 5'-phosphate; Deoxyguanylic acid; Deoxyguanosine monophosphate/AMP; Adenosine 5'-monophosphate; Adenylic acid; Adenylate; 5'-AMP; 5'-Adenylic acid; 5'-Adenosine monophosphate; Adenosine 5'-phosphate
Histidine metabolism	4	15	0.236030585665	E1028,E530,E283,E174	C00051,C00362/C00020,C00217/C05938/C00025/C00302,C00785	Glutathione; 5-L-Glutamyl-L-cysteinylglycine; N-(N-gamma-L-Glutamyl-L-cysteinyl)glycine; gamma-L-Glutamyl-L-cysteinyl-glycine; GSH; Reduced glutathione$dGMP; 2'-Deoxyguanosine 5'-monophosphate; 2'-Deoxyguanosine 5'-phosphate; Deoxyguanylic acid; Deoxyguanosine monophosphate/AMP; Adenosine 5'-monophosphate; Adenylic acid; Adenylate; 5'-AMP; 5'-Adenylic acid; 5'-Adenosine monophosphate; Adenosine 5'-phosphate$D-Glutamate; D-Glutamic acid; D-Glutaminic acid; D-2-Aminoglutaric acid/L-4-Hydroxyglutamate semialdehyde/L-Glutamate; L-Glutamic acid; L-Glutaminic acid; Glutamate/DL-Glutamate; DL-Glutaminic acid; 2-Aminoglutaric acid; Glutamate$Urocanate; Urocanic acid
Arachidonic acid metabolism	4	15	0.236030585665	E1028,E283,E301,E530	C00051,C00217/C05938/C00025/C00302,C00127,C00362/C00020	Glutathione; 5-L-Glutamyl-L-cysteinylglycine; N-(N-gamma-L-Glutamyl-L-cysteinyl)glycine; gamma-L-Glutamyl-L-cysteinyl-glycine; GSH; Reduced glutathione$D-Glutamate; D-Glutamic acid; D-Glutaminic acid; D-2-Aminoglutaric acid/L-4-Hydroxyglutamate semialdehyde/L-Glutamate; L-Glutamic acid; L-Glutaminic acid; Glutamate/DL-Glutamate; DL-Glutaminic acid; 2-Aminoglutaric acid; Glutamate$Glutathione disulfide; GSSG; Oxiglutatione; Oxidized glutathione$dGMP; 2'-Deoxyguanosine 5'-monophosphate; 2'-Deoxyguanosine 5'-phosphate; Deoxyguanylic acid; Deoxyguanosine monophosphate/AMP; Adenosine 5'-monophosphate; Adenylic acid; Adenylate; 5'-AMP; 5'-Adenylic acid; 5'-Adenosine monophosphate; Adenosine 5'-phosphate
Pentose phosphate pathway	4	15	0.236030585665	E530,E923,E1104,E1013	C00362/C00020,C00795/C00267/C00137/C00221/C00962/C00738/C00095/C00247/C00984/C00031/C00936/C01582/C00159/C02336/C00293/C00124,C00352/C06377,	dGMP; 2'-Deoxyguanosine 5'-monophosphate; 2'-Deoxyguanosine 5'-phosphate; Deoxyguanylic acid; Deoxyguanosine monophosphate/AMP; Adenosine 5'-monophosphate; Adenylic acid; Adenylate; 5'-AMP; 5'-Adenylic acid; 5'-Adenosine monophosphate; Adenosine 5'-phosphate$D-Tagatose; lyxo-Hexulose/alpha-D-Glucose/myo-Inositol; D-myo-Inositol; 1D-myo-Inositol; L-myo-Inositol; 1L-myo-Inositol; meso-Inositol; Inositol; Dambose; Cyclohexitol; Meat sugar; Bios I/beta-D-Glucose/beta-D-Galactose/D-Hexose/D-Fructose; Levulose; Fruit sugar; D-arabino-Hexulose/L-Sorbose; L-xylo-Hexulose/alpha-D-Galactose/D-Glucose; Grape sugar; Dextrose//Galactose/D-Mannose; Mannose; Seminose; Carubinose/beta-D-Fructose; beta-Fruit sugar; beta-D-arabino-Hexulose; beta-Levulose; Fructose/Glucose/D-Galactose$D-Glucosamine 6-phosphate; D-Glucosamine phosphate/D-Galactosamine 6-phosphate$
Hexose phosphorylation	3	9	0.238047222922	E923,E1104,E151	C00795/C00267/C00137/C00221/C00962/C00738/C00095/C00247/C00984/C00031/C00936/C01582/C00159/C02336/C00293/C00124,C00352/C06377,C05839	D-Tagatose; lyxo-Hexulose/alpha-D-Glucose/myo-Inositol; D-myo-Inositol; 1D-myo-Inositol; L-myo-Inositol; 1L-myo-Inositol; meso-Inositol; Inositol; Dambose; Cyclohexitol; Meat sugar; Bios I/beta-D-Glucose/beta-D-Galactose/D-Hexose/D-Fructose; Levulose; Fruit sugar; D-arabino-Hexulose/L-Sorbose; L-xylo-Hexulose/alpha-D-Galactose/D-Glucose; Grape sugar; Dextrose//Galactose/D-Mannose; Mannose; Seminose; Carubinose/beta-D-Fructose; beta-Fruit sugar; beta-D-arabino-Hexulose; beta-Levulose; Fructose/Glucose/D-Galactose$D-Glucosamine 6-phosphate; D-Glucosamine phosphate/D-Galactosamine 6-phosphate$cis-beta-D-Glucosyl-2-hydroxycinnamate; beta-D-Glucosyl-2-coumarinate
Aspartate and asparagine metabolism	8	40	0.238047222922	E283,E727,E1028,E286,E825,E324,E530,E301	C00217/C05938/C00025/C00302,C00315/CE5586,C00051,C00327,C01029/C00612,C00062,C00362/C00020,C00127	D-Glutamate; D-Glutamic acid; D-Glutaminic acid; D-2-Aminoglutaric acid/L-4-Hydroxyglutamate semialdehyde/L-Glutamate; L-Glutamic acid; L-Glutaminic acid; Glutamate/DL-Glutamate; DL-Glutaminic acid; 2-Aminoglutaric acid; Glutamate$Spermidine; N-(3-Aminopropyl)-1,4-butane-diamine/dehydrospermidine$Glutathione; 5-L-Glutamyl-L-cysteinylglycine; N-(N-gamma-L-Glutamyl-L-cysteinyl)glycine; gamma-L-Glutamyl-L-cysteinyl-glycine; GSH; Reduced glutathione$L-Citrulline; 2-Amino-5-ureidovaleric acid; Citrulline$/N1-Acetylspermidine$L-Arginine; (S)-2-Amino-5-guanidinovaleric acid$dGMP; 2'-Deoxyguanosine 5'-monophosphate; 2'-Deoxyguanosine 5'-phosphate; Deoxyguanylic acid; Deoxyguanosine monophosphate/AMP; Adenosine 5'-monophosphate; Adenylic acid; Adenylate; 5'-AMP; 5'-Adenylic acid; 5'-Adenosine monophosphate; Adenosine 5'-phosphate$Glutathione disulfide; GSSG; Oxiglutatione; Oxidized glutathione
Glycine, serine, alanine and threonine metabolism	6	29	0.271069658012	E208,E283,E726,E1028,E324,E530	,C00217/C05938/C00025/C00302,C00256,C00051,C00062,C00362/C00020	$D-Glutamate; D-Glutamic acid; D-Glutaminic acid; D-2-Aminoglutaric acid/L-4-Hydroxyglutamate semialdehyde/L-Glutamate; L-Glutamic acid; L-Glutaminic acid; Glutamate/DL-Glutamate; DL-Glutaminic acid; 2-Aminoglutaric acid; Glutamate$(R)-Lactate; D-Lactate; D-Lactic acid; D-2-Hydroxypropanoic acid; D-2-Hydroxypropionic acid$Glutathione; 5-L-Glutamyl-L-cysteinylglycine; N-(N-gamma-L-Glutamyl-L-cysteinyl)glycine; gamma-L-Glutamyl-L-cysteinyl-glycine; GSH; Reduced glutathione$L-Arginine; (S)-2-Amino-5-guanidinovaleric acid$dGMP; 2'-Deoxyguanosine 5'-monophosphate; 2'-Deoxyguanosine 5'-phosphate; Deoxyguanylic acid; Deoxyguanosine monophosphate/AMP; Adenosine 5'-monophosphate; Adenylic acid; Adenylate; 5'-AMP; 5'-Adenylic acid; 5'-Adenosine monophosphate; Adenosine 5'-phosphate
Vitamin E metabolism	2	4	0.287286782623	E245,E530	CE7072,C00362/C00020	13'-carboxy-gama-tocotrienol$dGMP; 2'-Deoxyguanosine 5'-monophosphate; 2'-Deoxyguanosine 5'-phosphate; Deoxyguanylic acid; Deoxyguanosine monophosphate/AMP; Adenosine 5'-monophosphate; Adenylic acid; Adenylate; 5'-AMP; 5'-Adenylic acid; 5'-Adenosine monophosphate; Adenosine 5'-phosphate
Glycolysis and Gluconeogenesis	4	17	0.293252667843	E726,E530,E923,E115	C00256,C00362/C00020,C00795/C00267/C00137/C00221/C00962/C00738/C00095/C00247/C00984/C00031/C00936/C01582/C00159/C02336/C00293/C00124,C00074	(R)-Lactate; D-Lactate; D-Lactic acid; D-2-Hydroxypropanoic acid; D-2-Hydroxypropionic acid$dGMP; 2'-Deoxyguanosine 5'-monophosphate; 2'-Deoxyguanosine 5'-phosphate; Deoxyguanylic acid; Deoxyguanosine monophosphate/AMP; Adenosine 5'-monophosphate; Adenylic acid; Adenylate; 5'-AMP; 5'-Adenylic acid; 5'-Adenosine monophosphate; Adenosine 5'-phosphate$D-Tagatose; lyxo-Hexulose/alpha-D-Glucose/myo-Inositol; D-myo-Inositol; 1D-myo-Inositol; L-myo-Inositol; 1L-myo-Inositol; meso-Inositol; Inositol; Dambose; Cyclohexitol; Meat sugar; Bios I/beta-D-Glucose/beta-D-Galactose/D-Hexose/D-Fructose; Levulose; Fruit sugar; D-arabino-Hexulose/L-Sorbose; L-xylo-Hexulose/alpha-D-Galactose/D-Glucose; Grape sugar; Dextrose//Galactose/D-Mannose; Mannose; Seminose; Carubinose/beta-D-Fructose; beta-Fruit sugar; beta-D-arabino-Hexulose; beta-Levulose; Fructose/Glucose/D-Galactose$Phosphoenolpyruvate; Phosphoenolpyruvic acid; PEP
Starch and Sucrose Metabolism	3	11	0.309217712797	E970,E1154,E923	C01613/C02052,C05796/C00718,C00795/C00267/C00137/C00221/C00962/C00738/C00095/C00247/C00984/C00031/C00936/C01582/C00159/C02336/C00293/C00124	Stachyose/Maltotetraose$Galactan/Amylose; Amylose chain; (1,4-alpha-D-Glucosyl)n; (1,4-alpha-D-Glucosyl)n+1; (1,4-alpha-D-Glucosyl)n-1; 4-{(1,4)-alpha-D-Glucosyl}(n-1)-D-glucose; 1,4-alpha-D-Glucan$D-Tagatose; lyxo-Hexulose/alpha-D-Glucose/myo-Inositol; D-myo-Inositol; 1D-myo-Inositol; L-myo-Inositol; 1L-myo-Inositol; meso-Inositol; Inositol; Dambose; Cyclohexitol; Meat sugar; Bios I/beta-D-Glucose/beta-D-Galactose/D-Hexose/D-Fructose; Levulose; Fruit sugar; D-arabino-Hexulose/L-Sorbose; L-xylo-Hexulose/alpha-D-Galactose/D-Glucose; Grape sugar; Dextrose//Galactose/D-Mannose; Mannose; Seminose; Carubinose/beta-D-Fructose; beta-Fruit sugar; beta-D-arabino-Hexulose; beta-Levulose; Fructose/Glucose/D-Galactose
Chondroitin sulfate degradation	2	5	0.335349970591	E204,E923	C00645/C00140/C01132,C00795/C00267/C00137/C00221/C00962/C00738/C00095/C00247/C00984/C00031/C00936/C01582/C00159/C02336/C00293/C00124	N-Acetyl-D-mannosamine; 2-Acetamido-2-deoxy-D-mannose/N-Acetyl-D-glucosamine; N-Acetylchitosamine; 2-Acetamido-2-deoxy-D-glucose; GlcNAc/N-Acetyl-D-galactosamine; N-Acetyl-D-chondrosamine; 2-Acetamido-2-deoxy-D-galactose$D-Tagatose; lyxo-Hexulose/alpha-D-Glucose/myo-Inositol; D-myo-Inositol; 1D-myo-Inositol; L-myo-Inositol; 1L-myo-Inositol; meso-Inositol; Inositol; Dambose; Cyclohexitol; Meat sugar; Bios I/beta-D-Glucose/beta-D-Galactose/D-Hexose/D-Fructose; Levulose; Fruit sugar; D-arabino-Hexulose/L-Sorbose; L-xylo-Hexulose/alpha-D-Galactose/D-Glucose; Grape sugar; Dextrose//Galactose/D-Mannose; Mannose; Seminose; Carubinose/beta-D-Fructose; beta-Fruit sugar; beta-D-arabino-Hexulose; beta-Levulose; Fructose/Glucose/D-Galactose
Pyruvate Metabolism	2	5	0.335349970591	E726,E1028	C00256,C00051	(R)-Lactate; D-Lactate; D-Lactic acid; D-2-Hydroxypropanoic acid; D-2-Hydroxypropionic acid$Glutathione; 5-L-Glutamyl-L-cysteinylglycine; N-(N-gamma-L-Glutamyl-L-cysteinyl)glycine; gamma-L-Glutamyl-L-cysteinyl-glycine; GSH; Reduced glutathione
Putative anti-Inflammatory metabolites formation from EPA	2	5	0.335349970591	E1028,E283	C00051,C00217/C05938/C00025/C00302	Glutathione; 5-L-Glutamyl-L-cysteinylglycine; N-(N-gamma-L-Glutamyl-L-cysteinyl)glycine; gamma-L-Glutamyl-L-cysteinyl-glycine; GSH; Reduced glutathione$D-Glutamate; D-Glutamic acid; D-Glutaminic acid; D-2-Aminoglutaric acid/L-4-Hydroxyglutamate semialdehyde/L-Glutamate; L-Glutamic acid; L-Glutaminic acid; Glutamate/DL-Glutamate; DL-Glutaminic acid; 2-Aminoglutaric acid; Glutamate
TCA cycle	2	5	0.335349970591	E115,E910	C00074,	Phosphoenolpyruvate; Phosphoenolpyruvic acid; PEP$
Heparan sulfate degradation	2	5	0.335349970591	E204,E923	C00645/C00140/C01132,C00795/C00267/C00137/C00221/C00962/C00738/C00095/C00247/C00984/C00031/C00936/C01582/C00159/C02336/C00293/C00124	N-Acetyl-D-mannosamine; 2-Acetamido-2-deoxy-D-mannose/N-Acetyl-D-glucosamine; N-Acetylchitosamine; 2-Acetamido-2-deoxy-D-glucose; GlcNAc/N-Acetyl-D-galactosamine; N-Acetyl-D-chondrosamine; 2-Acetamido-2-deoxy-D-galactose$D-Tagatose; lyxo-Hexulose/alpha-D-Glucose/myo-Inositol; D-myo-Inositol; 1D-myo-Inositol; L-myo-Inositol; 1L-myo-Inositol; meso-Inositol; Inositol; Dambose; Cyclohexitol; Meat sugar; Bios I/beta-D-Glucose/beta-D-Galactose/D-Hexose/D-Fructose; Levulose; Fruit sugar; D-arabino-Hexulose/L-Sorbose; L-xylo-Hexulose/alpha-D-Galactose/D-Glucose; Grape sugar; Dextrose//Galactose/D-Mannose; Mannose; Seminose; Carubinose/beta-D-Fructose; beta-Fruit sugar; beta-D-arabino-Hexulose; beta-Levulose; Fructose/Glucose/D-Galactose
Glutathione Metabolism	3	12	0.338290899924	E1028,E283,E301	C00051,C00217/C05938/C00025/C00302,C00127	Glutathione; 5-L-Glutamyl-L-cysteinylglycine; N-(N-gamma-L-Glutamyl-L-cysteinyl)glycine; gamma-L-Glutamyl-L-cysteinyl-glycine; GSH; Reduced glutathione$D-Glutamate; D-Glutamic acid; D-Glutaminic acid; D-2-Aminoglutaric acid/L-4-Hydroxyglutamate semialdehyde/L-Glutamate; L-Glutamic acid; L-Glutaminic acid; Glutamate/DL-Glutamate; DL-Glutaminic acid; 2-Aminoglutaric acid; Glutamate$Glutathione disulfide; GSSG; Oxiglutatione; Oxidized glutathione
Glutamate metabolism	4	19	0.34165196202	E1028,E910,E283,E301	C00051,,C00217/C05938/C00025/C00302,C00127	Glutathione; 5-L-Glutamyl-L-cysteinylglycine; N-(N-gamma-L-Glutamyl-L-cysteinyl)glycine; gamma-L-Glutamyl-L-cysteinyl-glycine; GSH; Reduced glutathione$$D-Glutamate; D-Glutamic acid; D-Glutaminic acid; D-2-Aminoglutaric acid/L-4-Hydroxyglutamate semialdehyde/L-Glutamate; L-Glutamic acid; L-Glutaminic acid; Glutamate/DL-Glutamate; DL-Glutaminic acid; 2-Aminoglutaric acid; Glutamate$Glutathione disulfide; GSSG; Oxiglutatione; Oxidized glutathione
Tyrosine metabolism	10	60	0.349886564154	E769,E632,E1028,E276,E302,E1200,E318,E530,E283,E301	CE1918/CE5629,,C00051,C00079,,,,C00362/C00020,C00217/C05938/C00025/C00302,C00127	5-hydroxytryptophol/1,2-dehydrosalsolinol$$Glutathione; 5-L-Glutamyl-L-cysteinylglycine; N-(N-gamma-L-Glutamyl-L-cysteinyl)glycine; gamma-L-Glutamyl-L-cysteinyl-glycine; GSH; Reduced glutathione$L-Phenylalanine; (S)-alpha-Amino-beta-phenylpropionic acid$$$$dGMP; 2'-Deoxyguanosine 5'-monophosphate; 2'-Deoxyguanosine 5'-phosphate; Deoxyguanylic acid; Deoxyguanosine monophosphate/AMP; Adenosine 5'-monophosphate; Adenylic acid; Adenylate; 5'-AMP; 5'-Adenylic acid; 5'-Adenosine monophosphate; Adenosine 5'-phosphate$D-Glutamate; D-Glutamic acid; D-Glutaminic acid; D-2-Aminoglutaric acid/L-4-Hydroxyglutamate semialdehyde/L-Glutamate; L-Glutamic acid; L-Glutaminic acid; Glutamate/DL-Glutamate; DL-Glutaminic acid; 2-Aminoglutaric acid; Glutamate$Glutathione disulfide; GSSG; Oxiglutatione; Oxidized glutathione
Leukotriene metabolism	3	13	0.365515502899	E1028,E283,E530	C00051,C00217/C05938/C00025/C00302,C00362/C00020	Glutathione; 5-L-Glutamyl-L-cysteinylglycine; N-(N-gamma-L-Glutamyl-L-cysteinyl)glycine; gamma-L-Glutamyl-L-cysteinyl-glycine; GSH; Reduced glutathione$D-Glutamate; D-Glutamic acid; D-Glutaminic acid; D-2-Aminoglutaric acid/L-4-Hydroxyglutamate semialdehyde/L-Glutamate; L-Glutamic acid; L-Glutaminic acid; Glutamate/DL-Glutamate; DL-Glutaminic acid; 2-Aminoglutaric acid; Glutamate$dGMP; 2'-Deoxyguanosine 5'-monophosphate; 2'-Deoxyguanosine 5'-phosphate; Deoxyguanylic acid; Deoxyguanosine monophosphate/AMP; Adenosine 5'-monophosphate; Adenylic acid; Adenylate; 5'-AMP; 5'-Adenylic acid; 5'-Adenosine monophosphate; Adenosine 5'-phosphate
Beta-Alanine metabolism	3	13	0.365515502899	E726,E283,E727	C00256,C00217/C05938/C00025/C00302,C00315/CE5586	(R)-Lactate; D-Lactate; D-Lactic acid; D-2-Hydroxypropanoic acid; D-2-Hydroxypropionic acid$D-Glutamate; D-Glutamic acid; D-Glutaminic acid; D-2-Aminoglutaric acid/L-4-Hydroxyglutamate semialdehyde/L-Glutamate; L-Glutamic acid; L-Glutaminic acid; Glutamate/DL-Glutamate; DL-Glutaminic acid; 2-Aminoglutaric acid; Glutamate$Spermidine; N-(3-Aminopropyl)-1,4-butane-diamine/dehydrospermidine
N-Glycan Degradation	2	6	0.3743382909	E204,E923	C00645/C00140/C01132,C00795/C00267/C00137/C00221/C00962/C00738/C00095/C00247/C00984/C00031/C00936/C01582/C00159/C02336/C00293/C00124	N-Acetyl-D-mannosamine; 2-Acetamido-2-deoxy-D-mannose/N-Acetyl-D-glucosamine; N-Acetylchitosamine; 2-Acetamido-2-deoxy-D-glucose; GlcNAc/N-Acetyl-D-galactosamine; N-Acetyl-D-chondrosamine; 2-Acetamido-2-deoxy-D-galactose$D-Tagatose; lyxo-Hexulose/alpha-D-Glucose/myo-Inositol; D-myo-Inositol; 1D-myo-Inositol; L-myo-Inositol; 1L-myo-Inositol; meso-Inositol; Inositol; Dambose; Cyclohexitol; Meat sugar; Bios I/beta-D-Glucose/beta-D-Galactose/D-Hexose/D-Fructose; Levulose; Fruit sugar; D-arabino-Hexulose/L-Sorbose; L-xylo-Hexulose/alpha-D-Galactose/D-Glucose; Grape sugar; Dextrose//Galactose/D-Mannose; Mannose; Seminose; Carubinose/beta-D-Fructose; beta-Fruit sugar; beta-D-arabino-Hexulose; beta-Levulose; Fructose/Glucose/D-Galactose
Phytanic acid peroxisomal oxidation	2	6	0.3743382909	E910,E530	,C00362/C00020	$dGMP; 2'-Deoxyguanosine 5'-monophosphate; 2'-Deoxyguanosine 5'-phosphate; Deoxyguanylic acid; Deoxyguanosine monophosphate/AMP; Adenosine 5'-monophosphate; Adenylic acid; Adenylate; 5'-AMP; 5'-Adenylic acid; 5'-Adenosine monophosphate; Adenosine 5'-phosphate
Keratan sulfate degradation	2	7	0.401562893874	E204,E923	C00645/C00140/C01132,C00795/C00267/C00137/C00221/C00962/C00738/C00095/C00247/C00984/C00031/C00936/C01582/C00159/C02336/C00293/C00124	N-Acetyl-D-mannosamine; 2-Acetamido-2-deoxy-D-mannose/N-Acetyl-D-glucosamine; N-Acetylchitosamine; 2-Acetamido-2-deoxy-D-glucose; GlcNAc/N-Acetyl-D-galactosamine; N-Acetyl-D-chondrosamine; 2-Acetamido-2-deoxy-D-galactose$D-Tagatose; lyxo-Hexulose/alpha-D-Glucose/myo-Inositol; D-myo-Inositol; 1D-myo-Inositol; L-myo-Inositol; 1L-myo-Inositol; meso-Inositol; Inositol; Dambose; Cyclohexitol; Meat sugar; Bios I/beta-D-Glucose/beta-D-Galactose/D-Hexose/D-Fructose; Levulose; Fruit sugar; D-arabino-Hexulose/L-Sorbose; L-xylo-Hexulose/alpha-D-Galactose/D-Glucose; Grape sugar; Dextrose//Galactose/D-Mannose; Mannose; Seminose; Carubinose/beta-D-Fructose; beta-Fruit sugar; beta-D-arabino-Hexulose; beta-Levulose; Fructose/Glucose/D-Galactose
Valine, leucine and isoleucine degradation	3	15	0.403831610789	E910,E283,E530	,C00217/C05938/C00025/C00302,C00362/C00020	$D-Glutamate; D-Glutamic acid; D-Glutaminic acid; D-2-Aminoglutaric acid/L-4-Hydroxyglutamate semialdehyde/L-Glutamate; L-Glutamic acid; L-Glutaminic acid; Glutamate/DL-Glutamate; DL-Glutaminic acid; 2-Aminoglutaric acid; Glutamate$dGMP; 2'-Deoxyguanosine 5'-monophosphate; 2'-Deoxyguanosine 5'-phosphate; Deoxyguanylic acid; Deoxyguanosine monophosphate/AMP; Adenosine 5'-monophosphate; Adenylic acid; Adenylate; 5'-AMP; 5'-Adenylic acid; 5'-Adenosine monophosphate; Adenosine 5'-phosphate
Vitamin B3 (nicotinate and nicotinamide) metabolism	3	15	0.403831610789	E283,E324,E530	C00217/C05938/C00025/C00302,C00062,C00362/C00020	D-Glutamate; D-Glutamic acid; D-Glutaminic acid; D-2-Aminoglutaric acid/L-4-Hydroxyglutamate semialdehyde/L-Glutamate; L-Glutamic acid; L-Glutaminic acid; Glutamate/DL-Glutamate; DL-Glutaminic acid; 2-Aminoglutaric acid; Glutamate$L-Arginine; (S)-2-Amino-5-guanidinovaleric acid$dGMP; 2'-Deoxyguanosine 5'-monophosphate; 2'-Deoxyguanosine 5'-phosphate; Deoxyguanylic acid; Deoxyguanosine monophosphate/AMP; Adenosine 5'-monophosphate; Adenylic acid; Adenylate; 5'-AMP; 5'-Adenylic acid; 5'-Adenosine monophosphate; Adenosine 5'-phosphate
N-Glycan biosynthesis	2	8	0.419628602638	E923,E271	C00795/C00267/C00137/C00221/C00962/C00738/C00095/C00247/C00984/C00031/C00936/C01582/C00159/C02336/C00293/C00124,C00128	D-Tagatose; lyxo-Hexulose/alpha-D-Glucose/myo-Inositol; D-myo-Inositol; 1D-myo-Inositol; L-myo-Inositol; 1L-myo-Inositol; meso-Inositol; Inositol; Dambose; Cyclohexitol; Meat sugar; Bios I/beta-D-Glucose/beta-D-Galactose/D-Hexose/D-Fructose; Levulose; Fruit sugar; D-arabino-Hexulose/L-Sorbose; L-xylo-Hexulose/alpha-D-Galactose/D-Glucose; Grape sugar; Dextrose//Galactose/D-Mannose; Mannose; Seminose; Carubinose/beta-D-Fructose; beta-Fruit sugar; beta-D-arabino-Hexulose; beta-Levulose; Fructose/Glucose/D-Galactose$CMP-N-acetylneuraminate
Pyrimidine metabolism	5	32	0.423577850601	E841,E115,E1013,E283,E530	C00239,C00074,,C00217/C05938/C00025/C00302,C00362/C00020	dCMP; Deoxycytidylic acid; Deoxycytidine monophosphate; Deoxycytidylate; 2'-Deoxycytidine 5'-monophosphate$Phosphoenolpyruvate; Phosphoenolpyruvic acid; PEP$$D-Glutamate; D-Glutamic acid; D-Glutaminic acid; D-2-Aminoglutaric acid/L-4-Hydroxyglutamate semialdehyde/L-Glutamate; L-Glutamic acid; L-Glutaminic acid; Glutamate/DL-Glutamate; DL-Glutaminic acid; 2-Aminoglutaric acid; Glutamate$dGMP; 2'-Deoxyguanosine 5'-monophosphate; 2'-Deoxyguanosine 5'-phosphate; Deoxyguanylic acid; Deoxyguanosine monophosphate/AMP; Adenosine 5'-monophosphate; Adenylic acid; Adenylate; 5'-AMP; 5'-Adenylic acid; 5'-Adenosine monophosphate; Adenosine 5'-phosphate
Butanoate metabolism	3	17	0.428955549954	E910,E283,E530	,C00217/C05938/C00025/C00302,C00362/C00020	$D-Glutamate; D-Glutamic acid; D-Glutaminic acid; D-2-Aminoglutaric acid/L-4-Hydroxyglutamate semialdehyde/L-Glutamate; L-Glutamic acid; L-Glutaminic acid; Glutamate/DL-Glutamate; DL-Glutaminic acid; 2-Aminoglutaric acid; Glutamate$dGMP; 2'-Deoxyguanosine 5'-monophosphate; 2'-Deoxyguanosine 5'-phosphate; Deoxyguanylic acid; Deoxyguanosine monophosphate/AMP; Adenosine 5'-monophosphate; Adenylic acid; Adenylate; 5'-AMP; 5'-Adenylic acid; 5'-Adenosine monophosphate; Adenosine 5'-phosphate
Fructose and mannose metabolism	2	9	0.435089488278	E726,E923	C00256,C00795/C00267/C00137/C00221/C00962/C00738/C00095/C00247/C00984/C00031/C00936/C01582/C00159/C02336/C00293/C00124	(R)-Lactate; D-Lactate; D-Lactic acid; D-2-Hydroxypropanoic acid; D-2-Hydroxypropionic acid$D-Tagatose; lyxo-Hexulose/alpha-D-Glucose/myo-Inositol; D-myo-Inositol; 1D-myo-Inositol; L-myo-Inositol; 1L-myo-Inositol; meso-Inositol; Inositol; Dambose; Cyclohexitol; Meat sugar; Bios I/beta-D-Glucose/beta-D-Galactose/D-Hexose/D-Fructose; Levulose; Fruit sugar; D-arabino-Hexulose/L-Sorbose; L-xylo-Hexulose/alpha-D-Galactose/D-Glucose; Grape sugar; Dextrose//Galactose/D-Mannose; Mannose; Seminose; Carubinose/beta-D-Fructose; beta-Fruit sugar; beta-D-arabino-Hexulose; beta-Levulose; Fructose/Glucose/D-Galactose
Bile acid biosynthesis	2	10	0.447273338375	E659,E530	,C00362/C00020	$dGMP; 2'-Deoxyguanosine 5'-monophosphate; 2'-Deoxyguanosine 5'-phosphate; Deoxyguanylic acid; Deoxyguanosine monophosphate/AMP; Adenosine 5'-monophosphate; Adenylic acid; Adenylate; 5'-AMP; 5'-Adenylic acid; 5'-Adenosine monophosphate; Adenosine 5'-phosphate
Lysine metabolism	3	22	0.472481304092	E910,E283,E530	,C00217/C05938/C00025/C00302,C00362/C00020	$D-Glutamate; D-Glutamic acid; D-Glutaminic acid; D-2-Aminoglutaric acid/L-4-Hydroxyglutamate semialdehyde/L-Glutamate; L-Glutamic acid; L-Glutaminic acid; Glutamate/DL-Glutamate; DL-Glutaminic acid; 2-Aminoglutaric acid; Glutamate$dGMP; 2'-Deoxyguanosine 5'-monophosphate; 2'-Deoxyguanosine 5'-phosphate; Deoxyguanylic acid; Deoxyguanosine monophosphate/AMP; Adenosine 5'-monophosphate; Adenylic acid; Adenylate; 5'-AMP; 5'-Adenylic acid; 5'-Adenosine monophosphate; Adenosine 5'-phosphate
Prostaglandin formation from arachidonate	2	13	0.475338206873	E1028,E530	C00051,C00362/C00020	Glutathione; 5-L-Glutamyl-L-cysteinylglycine; N-(N-gamma-L-Glutamyl-L-cysteinyl)glycine; gamma-L-Glutamyl-L-cysteinyl-glycine; GSH; Reduced glutathione$dGMP; 2'-Deoxyguanosine 5'-monophosphate; 2'-Deoxyguanosine 5'-phosphate; Deoxyguanylic acid; Deoxyguanosine monophosphate/AMP; Adenosine 5'-monophosphate; Adenylic acid; Adenylate; 5'-AMP; 5'-Adenylic acid; 5'-Adenosine monophosphate; Adenosine 5'-phosphate
Urea cycle/amino group metabolism	5	44	0.484497101084	E286,E182,E283,E324,E727	C00327,C00170,C00217/C05938/C00025/C00302,C00062,C00315/CE5586	L-Citrulline; 2-Amino-5-ureidovaleric acid; Citrulline$5'-Methylthioadenosine; Methylthioadenosine; S-Methyl-5'-thioadenosine; 5-Methylthioadenosine; 5'-Deoxy-5'-(methylthio)adenosine; Thiomethyladenosine; MTA$D-Glutamate; D-Glutamic acid; D-Glutaminic acid; D-2-Aminoglutaric acid/L-4-Hydroxyglutamate semialdehyde/L-Glutamate; L-Glutamic acid; L-Glutaminic acid; Glutamate/DL-Glutamate; DL-Glutaminic acid; 2-Aminoglutaric acid; Glutamate$L-Arginine; (S)-2-Amino-5-guanidinovaleric acid$Spermidine; N-(3-Aminopropyl)-1,4-butane-diamine/dehydrospermidine
Linoleate metabolism	2	21	0.490967145618	E1028,E301	C00051,C00127	Glutathione; 5-L-Glutamyl-L-cysteinylglycine; N-(N-gamma-L-Glutamyl-L-cysteinyl)glycine; gamma-L-Glutamyl-L-cysteinyl-glycine; GSH; Reduced glutathione$Glutathione disulfide; GSSG; Oxiglutatione; Oxidized glutathione
Xenobiotics metabolism	3	41	0.494328207714	E83,E1028,E300	,C00051,	$Glutathione; 5-L-Glutamyl-L-cysteinylglycine; N-(N-gamma-L-Glutamyl-L-cysteinyl)glycine; gamma-L-Glutamyl-L-cysteinyl-glycine; GSH; Reduced glutathione$
R Group Synthesis	0	0	0.494748340476			
Glycerolipid metabolism	0	0	0.494748340476			
Vitamin B2 (riboflavin) metabolism	1	3	0.494748340476	E530	C00362/C00020	dGMP; 2'-Deoxyguanosine 5'-monophosphate; 2'-Deoxyguanosine 5'-phosphate; Deoxyguanylic acid; Deoxyguanosine monophosphate/AMP; Adenosine 5'-monophosphate; Adenylic acid; Adenylate; 5'-AMP; 5'-Adenylic acid; 5'-Adenosine monophosphate; Adenosine 5'-phosphate
Vitamin D3 (cholecalciferol) metabolism	1	2	0.494748340476	E659		
Squalene and cholesterol biosynthesis	0	4	0.494748340476			
Di-unsaturated fatty acid beta-oxidation	1	2	0.494748340476	E530	C00362/C00020	dGMP; 2'-Deoxyguanosine 5'-monophosphate; 2'-Deoxyguanosine 5'-phosphate; Deoxyguanylic acid; Deoxyguanosine monophosphate/AMP; Adenosine 5'-monophosphate; Adenylic acid; Adenylate; 5'-AMP; 5'-Adenylic acid; 5'-Adenosine monophosphate; Adenosine 5'-phosphate
Alkaloid biosynthesis II	1	2	0.494748340476	E530	C00362/C00020	dGMP; 2'-Deoxyguanosine 5'-monophosphate; 2'-Deoxyguanosine 5'-phosphate; Deoxyguanylic acid; Deoxyguanosine monophosphate/AMP; Adenosine 5'-monophosphate; Adenylic acid; Adenylate; 5'-AMP; 5'-Adenylic acid; 5'-Adenosine monophosphate; Adenosine 5'-phosphate
Hyaluronan Metabolism	1	3	0.494748340476	E204	C00645/C00140/C01132	N-Acetyl-D-mannosamine; 2-Acetamido-2-deoxy-D-mannose/N-Acetyl-D-glucosamine; N-Acetylchitosamine; 2-Acetamido-2-deoxy-D-glucose; GlcNAc/N-Acetyl-D-galactosamine; N-Acetyl-D-chondrosamine; 2-Acetamido-2-deoxy-D-galactose
3-oxo-10R-octadecatrienoate beta-oxidation	0	0	0.494748340476			
Vitamin B1 (thiamin) metabolism	1	4	0.494748340476	E530	C00362/C00020	dGMP; 2'-Deoxyguanosine 5'-monophosphate; 2'-Deoxyguanosine 5'-phosphate; Deoxyguanylic acid; Deoxyguanosine monophosphate/AMP; Adenosine 5'-monophosphate; Adenylic acid; Adenylate; 5'-AMP; 5'-Adenylic acid; 5'-Adenosine monophosphate; Adenosine 5'-phosphate
C5-Branched dibasic acid metabolism	1	1	0.494748340476	E962		
Electron transport chain	0	0	0.494748340476			
Glycosylphosphatidylinositol(GPI)-anchor biosynthesis	0	2	0.494748340476			
Vitamin B5 - CoA biosynthesis from pantothenate	1	3	0.494748340476	E530	C00362/C00020	dGMP; 2'-Deoxyguanosine 5'-monophosphate; 2'-Deoxyguanosine 5'-phosphate; Deoxyguanylic acid; Deoxyguanosine monophosphate/AMP; Adenosine 5'-monophosphate; Adenylic acid; Adenylate; 5'-AMP; 5'-Adenylic acid; 5'-Adenosine monophosphate; Adenosine 5'-phosphate
Glycosphingolipid biosynthesis - lactoseries	1	3	0.494748340476	E271	C00128	CMP-N-acetylneuraminate
Parathio degradation	0	4	0.494748340476			
Androgen and estrogen biosynthesis and metabolism	1	8	0.494748340476	E1028	C00051	Glutathione; 5-L-Glutamyl-L-cysteinylglycine; N-(N-gamma-L-Glutamyl-L-cysteinyl)glycine; gamma-L-Glutamyl-L-cysteinyl-glycine; GSH; Reduced glutathione
Vitamin H (biotin) metabolism	1	5	0.494748340476	E530	C00362/C00020	dGMP; 2'-Deoxyguanosine 5'-monophosphate; 2'-Deoxyguanosine 5'-phosphate; Deoxyguanylic acid; Deoxyguanosine monophosphate/AMP; Adenosine 5'-monophosphate; Adenylic acid; Adenylate; 5'-AMP; 5'-Adenylic acid; 5'-Adenosine monophosphate; Adenosine 5'-phosphate
Biopterin metabolism	1	8	0.494748340476	E276	C00079	L-Phenylalanine; (S)-alpha-Amino-beta-phenylpropionic acid
Blood Group Biosynthesis	1	3	0.494748340476	E271	C00128	CMP-N-acetylneuraminate
Lipoate metabolism	1	3	0.494748340476	E607		
Caffeine metabolism	0	3	0.494748340476			
Saturated fatty acids beta-oxidation	1	5	0.494748340476	E374		
Omega-3 fatty acid metabolism	1	4	0.494748340476	E530	C00362/C00020	dGMP; 2'-Deoxyguanosine 5'-monophosphate; 2'-Deoxyguanosine 5'-phosphate; Deoxyguanylic acid; Deoxyguanosine monophosphate/AMP; Adenosine 5'-monophosphate; Adenylic acid; Adenylate; 5'-AMP; 5'-Adenylic acid; 5'-Adenosine monophosphate; Adenosine 5'-phosphate
CoA Catabolism	1	3	0.494748340476	E530	C00362/C00020	dGMP; 2'-Deoxyguanosine 5'-monophosphate; 2'-Deoxyguanosine 5'-phosphate; Deoxyguanylic acid; Deoxyguanosine monophosphate/AMP; Adenosine 5'-monophosphate; Adenylic acid; Adenylate; 5'-AMP; 5'-Adenylic acid; 5'-Adenosine monophosphate; Adenosine 5'-phosphate
Glycosaminoglycan degradation	0	0	0.494748340476			
Fatty acid oxidation	0	0	0.494748340476			
ROS Detoxification	0	0	0.494748340476			
Fatty Acid Metabolism	0	4	0.494748340476			
Heparan sulfate biosynthesis	0	0	0.494748340476			
De novo fatty acid biosynthesis	1	8	0.494748340476	E530	C00362/C00020	dGMP; 2'-Deoxyguanosine 5'-monophosphate; 2'-Deoxyguanosine 5'-phosphate; Deoxyguanylic acid; Deoxyguanosine monophosphate/AMP; Adenosine 5'-monophosphate; Adenylic acid; Adenylate; 5'-AMP; 5'-Adenylic acid; 5'-Adenosine monophosphate; Adenosine 5'-phosphate
Mono-unsaturated fatty acid beta-oxidation	1	2	0.494748340476	E530	C00362/C00020	dGMP; 2'-Deoxyguanosine 5'-monophosphate; 2'-Deoxyguanosine 5'-phosphate; Deoxyguanylic acid; Deoxyguanosine monophosphate/AMP; Adenosine 5'-monophosphate; Adenylic acid; Adenylate; 5'-AMP; 5'-Adenylic acid; 5'-Adenosine monophosphate; Adenosine 5'-phosphate
Glycosphingolipid biosynthesis - neolactoseries	1	3	0.494748340476	E271	C00128	CMP-N-acetylneuraminate
Vitamin A (retinol) metabolism	1	8	0.494748340476	E530	C00362/C00020	dGMP; 2'-Deoxyguanosine 5'-monophosphate; 2'-Deoxyguanosine 5'-phosphate; Deoxyguanylic acid; Deoxyguanosine monophosphate/AMP; Adenosine 5'-monophosphate; Adenylic acid; Adenylate; 5'-AMP; 5'-Adenylic acid; 5'-Adenosine monophosphate; Adenosine 5'-phosphate
Glyoxylate and Dicarboxylate Metabolism	0	5	0.494748340476			
Geraniol degradation	0	0	0.494748340476			
Fatty acid oxidation, peroxisome	1	4	0.494748340476	E910		
Polyunsaturated fatty acid biosynthesis	0	0	0.494748340476			
Vitamin D	0	0	0.494748340476			
D4&E4-neuroprostanes formation	1	2	0.494748340476	E311		
Keratan sulfate biosynthesis	1	4	0.494748340476	E271	C00128	CMP-N-acetylneuraminate
3-Chloroacrylic acid degradation	0	1	0.494748340476			
Sphingolipid metabolism	0	0	0.494748340476			
O-Glycan biosynthesis	1	3	0.494748340476	E271	C00128	CMP-N-acetylneuraminate
Limonene and pinene degradation	0	6	0.494748340476			
Proteoglycan biosynthesis	0	2	0.494748340476			
Dynorphin metabolism	0	1	0.494748340476			
Ubiquinone Biosynthesis	1	2	0.494748340476	E530	C00362/C00020	dGMP; 2'-Deoxyguanosine 5'-monophosphate; 2'-Deoxyguanosine 5'-phosphate; Deoxyguanylic acid; Deoxyguanosine monophosphate/AMP; Adenosine 5'-monophosphate; Adenylic acid; Adenylate; 5'-AMP; 5'-Adenylic acid; 5'-Adenosine monophosphate; Adenosine 5'-phosphate
Nucleotide Sugar Metabolism	0	2	0.494748340476			
Benzoate degradation via CoA ligation	0	3	0.494748340476			
Dimethyl-branched-chain fatty acid mitochondrial beta-oxidation	0	0	0.494748340476			
1- and 2-Methylnaphthalene degradation	0	2	0.494748340476			
Drug metabolism - other enzymes	0	6	0.494748340476			
Nitrogen metabolism	1	5	0.494748340476	E283	C00217/C05938/C00025/C00302	D-Glutamate; D-Glutamic acid; D-Glutaminic acid; D-2-Aminoglutaric acid/L-4-Hydroxyglutamate semialdehyde/L-Glutamate; L-Glutamic acid; L-Glutaminic acid; Glutamate/DL-Glutamate; DL-Glutaminic acid; 2-Aminoglutaric acid; Glutamate
Vitamin K metabolism	0	0	0.494748340476			
Phosphatidylinositol phosphate metabolism	1	11	0.494748340476	E923	C00795/C00267/C00137/C00221/C00962/C00738/C00095/C00247/C00984/C00031/C00936/C01582/C00159/C02336/C00293/C00124	D-Tagatose; lyxo-Hexulose/alpha-D-Glucose/myo-Inositol; D-myo-Inositol; 1D-myo-Inositol; L-myo-Inositol; 1L-myo-Inositol; meso-Inositol; Inositol; Dambose; Cyclohexitol; Meat sugar; Bios I/beta-D-Glucose/beta-D-Galactose/D-Hexose/D-Fructose; Levulose; Fruit sugar; D-arabino-Hexulose/L-Sorbose; L-xylo-Hexulose/alpha-D-Galactose/D-Glucose; Grape sugar; Dextrose//Galactose/D-Mannose; Mannose; Seminose; Carubinose/beta-D-Fructose; beta-Fruit sugar; beta-D-arabino-Hexulose; beta-Levulose; Fructose/Glucose/D-Galactose
Fatty acid activation	1	8	0.494748340476	E530	C00362/C00020	dGMP; 2'-Deoxyguanosine 5'-monophosphate; 2'-Deoxyguanosine 5'-phosphate; Deoxyguanylic acid; Deoxyguanosine monophosphate/AMP; Adenosine 5'-monophosphate; Adenylic acid; Adenylate; 5'-AMP; 5'-Adenylic acid; 5'-Adenosine monophosphate; Adenosine 5'-phosphate
Porphyrin metabolism	1	10	0.494748340476	E1016	C05520/C01045/C01042	2-Amino-3-oxoadipate; 2-Amino-3-oxohexanedioic acid/N-Formyl-L-glutamate/N-Acetyl-L-aspartate
Vitamin B12 (cyanocobalamin) metabolism	0	0	0.494748340476			
Carbon fixation	1	10	0.494748340476	E115	C00074	Phosphoenolpyruvate; Phosphoenolpyruvic acid; PEP
Pentose and Glucuronate Interconversions	0	8	0.494748340476			
Atrazine degradation	0	0	0.494748340476			
Vitamin B6 (pyridoxine) metabolism	0	7	0.494748340476			
Trihydroxycoprostanoyl-CoA beta-oxidation	0	0	0.494748340476			
Omega-6 fatty acid metabolism	1	3	0.494748340476	E530	C00362/C00020	dGMP; 2'-Deoxyguanosine 5'-monophosphate; 2'-Deoxyguanosine 5'-phosphate; Deoxyguanylic acid; Deoxyguanosine monophosphate/AMP; Adenosine 5'-monophosphate; Adenylic acid; Adenylate; 5'-AMP; 5'-Adenylic acid; 5'-Adenosine monophosphate; Adenosine 5'-phosphate
C21-steroid hormone biosynthesis and metabolism	0	7	0.494748340476			
Prostaglandin formation from dihomo gama-linoleic acid	0	3	0.494748340476			
Selenoamino acid metabolism	1	9	0.494748340476	E530	C00362/C00020	dGMP; 2'-Deoxyguanosine 5'-monophosphate; 2'-Deoxyguanosine 5'-phosphate; Deoxyguanylic acid; Deoxyguanosine monophosphate/AMP; Adenosine 5'-monophosphate; Adenylic acid; Adenylate; 5'-AMP; 5'-Adenylic acid; 5'-Adenosine monophosphate; Adenosine 5'-phosphate
